status	component	megabytes
keep	build	6
keep	bootloader/uboot-x2000	102
keep	kernel/kernel	1181
keep	buildroot/buildroot	400
keep	buildroot/buildroot_patch	2
keep	module_driver	310
keep	wireless/bcm	84
keep	third_party	47
keep	lib2d	2
keep	libhardware2	3
keep	libimpf	5
keep	libisp	1
keep	libmedia	3
keep	libutils2	1
keep	libmcu	17
keep	factory_test	1
keep	ota_updater	1
keep-partial	doc/.Markdown	146
drop	kernel/kernel-x1000	732
drop	kernel/kernel-x1021	665
drop	kernel/kernel-x2000	873
drop	bootloader/uboot-x1000	94
drop	bootloader/uboot-x1021	93
drop	demos	1161
drop	wireless/aicsemi	3
drop	wireless/altobeam	1
drop	wireless/espressif	3
drop	wireless/hisilicon	478
drop	wireless/icommsemi	5
drop	wireless/luat	1
drop	wireless/quectel	6
drop	wireless/realtek	2
drop	tools/iconfigtool	8
drop	tools/toolchains	10402
drop	doc	695
